0," saito/.txt	-- ::. 
",,,,,,
1,0,0,0,0,0,0,0
1,実装,,,,,,
1,0,0,0,0,0.044811071,0,0.333333333
2,詳細,,,,,,
1,0,0,0,0,0.089622143,0,0
3,(/),,,,,,
4,東京駅,,,,,,
1,0,0,0,0,0,0,0
5,全然わからない,,,,,,
1,0,0,0.083551199,0.048970211,0.051743368,0.203111116,0
6,乗る,,,,,,
1,0,0,0,0,0,0,0
7,とこ,,,,,,
1,0,0,0,0,0,0,0
8,どこ,,,,,,
1,0,0,0,0,0,0,0
9,実装,,,,,,
1,0,0,0,0,0.044811071,0,0.333333333
10,詳細,,,,,,
1,0,0,0,0,0.089622143,0,0
11,実装,,,,,,
1,0,0,0,0,0.044811071,0,0.333333333
12,詳細,,,,,,
1,0,0,0,0,0.089622143,0,0
13,(,,,,,,
14,/),,,,,,
15,解析結果を基に，吹き出しを表示する．,,,,,,
1,0.109108945,0,0,0.242390176,0.256116607,0.057448499,0
16,Twitter,,,,,,
1,0,0,0,0,0,0,0
17,から,,,,,,
1,0,0,0.072357461,0.084818893,0.089622143,0.211079263,0
18,取得した投稿文,,,,,,
1,0,0.098058068,0.03617873,0.212047232,0.067216607,0.140719509,0
