0," saito/.txt	-- ::. 
"
0.9999999999999999,0.0,0.0,0.0,0.0,0.0,0.0,0.0
1,実装
1.0,0.0,0.0,0.0,0.0,0.04481107149482209,0.0,0.3333333333333333
2,詳細
1.0,0.0,0.0,0.0,0.0,0.08962214298964417,0.0,0.0
3,(/)
nan,nan,nan,nan,nan,nan,nan,nan
4,東京駅
1.0,0.0,0.0,0.0,0.0,0.0,0.0,0.0
5,全然わからない
1.0000000000000002,0.0,0.0,0.08355119862887138,0.04897021068743919,0.0517433683804222,0.2031111159255969,0.0
6,乗る
1.0,0.0,0.0,0.0,0.0,0.0,0.0,0.0
7,とこ
1.0,0.0,0.0,0.0,0.0,0.0,0.0,0.0
8,どこ
1.0,0.0,0.0,0.0,0.0,0.0,0.0,0.0
9,実装
1.0,0.0,0.0,0.0,0.0,0.04481107149482209,0.0,0.3333333333333333
10,詳細
1.0,0.0,0.0,0.0,0.0,0.08962214298964417,0.0,0.0
11,実装
1.0,0.0,0.0,0.0,0.0,0.04481107149482209,0.0,0.3333333333333333
12,詳細
1.0,0.0,0.0,0.0,0.0,0.08962214298964417,0.0,0.0
13,(
nan,nan,nan,nan,nan,nan,nan,nan
14,/)
nan,nan,nan,nan,nan,nan,nan,nan
15,解析結果を基に，吹き出しを表示する．
1.0000000000000002,0.10910894511799621,0.0,0.0,0.24239017637255533,0.2561166066426109,0.057448498962142616,0.0
16,Twitter
1.0,0.0,0.0,0.0,0.0,0.0,0.0,0.0
17,から
1.0,0.0,0.0,0.07235746052924216,0.08481889296799709,0.08962214298964417,0.21107926341908756,0.0
18,取得した投稿文
1.0,0.0,0.09805806756909202,0.03617873026462108,0.21204723241999274,0.06721660724223312,0.14071950894605836,0.0
