0," saito/.txt	-- ::. 
"
0.9999999999999999
1,Twitter
1.0
2,投稿を対象と
1.0000000000000002
3,した
1.0
4,係り受け
1.0
5,分析による行動注意
1.0000000000000002
6,地点
1.0
7,抽出
1.0
8,システムの試作
0.9999999999999999
9,:  
nan
10,孝典准教授
0.9999999999999999
11,平成
1.0
12,年度
1.0
13,神奈川工科大学情報学部情報工学科
0.9999999999999999
14,月
1.0
15,日
1.0
16,卒業研究発表会
1.0000000000000002
17,整備されているかは重要である
1.0000000000000002
18,．
nan
19,通路の幅な
0.9999999999999999
20,ど
nan
21,これらの意見が
1.0000000000000002
22,SNS
1.0
23,上に投稿されることがある．
1.0000000000000002
24,は気軽に投稿できるメリットがあるが，文脈等がはっき
0.9999999999999999
25,りとしないこともある．
1.0000000000000002
26,具体的なレビューがわからない
1.0000000000000002
27,実装
1.0
28,(/)
nan
29,PyKNP
1.0
30,をインストールし，係り受け解析を行った．
1.0
31,例文
1.0
32,駅の案内図がわからない
1.0
33,駅
1.0
34,の
nan
35,──┐
nan
36,案内
1.0
37,──┤
nan
38,図
1.0
39,──┐
nan
40,実装
1.0
41,(/)
nan
42,前のスライドの例文について，係り受けの関係性を
1.0000000000000002
43,⇒
nan
44,」を用い
1.0
45,てより理解しやすくする．また，「否定表現」の項目
1.0
46,駅
1.0
47,⇒ 
nan
48,案内
1.0
49,案内
1.0
50,⇒ 
nan
51,分かる
1.0
52,否定表現
0.9999999999999999
53,: 
nan
54,分かる
1.0
55,実験
1.0
56,これまでの実験結果の情報を，
1.0
57,Google map
0.9999999999999999
58,上に表示させる．
1.0
59,の結果
1.0
60,考察
1.0
61,今後の展望
0.9999999999999999
