word,score
サーチ,0.7684134244918823
コンピューター,0.7655401825904846
フォーカス,0.7534314393997192
バーチャル,0.7497658729553223
メッセンジャー,0.7430827617645264
サイバー,0.740987241268158
グループウェア,0.7391102910041809
デバイス,0.7375345230102539
モバイル,0.7356104254722595
携帯端末,0.7318159341812134
