word,score
谷崎潤一郎,0.9354089498519897
永井荷風,0.9331628680229187
幸田露伴,0.9253966212272644
志賀直哉,0.9216441512107849
川端康成,0.9197545051574707
島崎藤村,0.9186457395553589
太宰治,0.9179165363311768
夏目漱石,0.9121500849723816
森鴎外,0.9077404141426086
泉鏡花,0.9065003395080566
