0," umetani/.txt	-- ::. 
"
0.9999999999999999,0.0,0.0,0.0,0.0,0.0,0.0
1,の結合する．
0.9999999999999999,0.0,0.0,0.0,0.0,0.2041241452319315,0.0
2,.
nan,nan,nan,nan,nan,nan,nan
3,利用者にどのように歩く動機付けをさせるか．
0.9999999999999998,0.0,0.06681531047810609,0.05832118435198042,0.0,0.0,0.0
