0," umetani/.txt	-- ::. 
"
0.9999999999999999,0.0,0.0,0.0,0.0,0.0
1,GIS
1.0,0.0,0.0,0.0,0.0,0.0
2,上で歩道ネットワークを作成し，駅から周辺施設までの徒歩移動距離と迂回率を算
0.9999999999999999,0.0816496580927726,0.0,0.0,0.18778101072520806,0.06262242910851494
3,出する．
0.9999999999999999,0.0,0.0,0.0,0.3214121732666125,0.0
4,路線検索サービスの情報と，歩行情報の統合．
1.0,0.4743416490252569,0.0,0.08333333333333333,0.21212121212121213,0.0
5,カロリー情報と駅・鉄道運航情報を統合することで付加
1.0000000000000002,0.26311740579210874,0.0,0.06933752452815364,0.5547001962252291,0.0
6,価値の高い情報を生成．
1.0,0.15811388300841897,0.0,0.0,0.09090909090909091,0.0
7,分
1.0,0.0,0.0,0.0,0.0,0.0
8,分
1.0,0.0,0.0,0.0,0.0,0.0
9,Google maps
0.9999999999999999,0.0,0.0,0.17677669529663687,0.0,0.0
10,を使って２点間のルート，距離，消費カロ
0.9999999999999999,0.055901699437494734,0.0,0.0,0.032141217326661246,0.0
11,リーを表示．
0.9999999999999999,0.0,0.0,0.0,0.0,0.0
12,駅すぱあと
1.0,0.0,0.4082482904638631,0.25,0.0,0.0
13,API
1.0,0.0,0.0,0.25,0.09090909090909091,0.0
14,で何ができるかを確認．
1.0,0.07905694150420949,0.20412414523193154,0.0,0.09090909090909091,0.12126781251816648
15,駅情報，路線情報，会社情報の情報が取得可能．
1.0,0.3105295017040594,0.0,0.0,0.23805588025744626,0.0
16,.
nan,nan,nan,nan,nan,nan
17,路線検索は可能だが検索結果は駅すぱあと
0.9999999999999999,0.1677050983124842,0.14433756729740643,0.08838834764831843,0.0,0.0
18,for web
0.9999999999999999,0.0,0.0,0.0,0.0,0.0
19,で表示され
1.0,0.0,0.0,0.0,0.0,0.0
20,る．
nan,nan,nan,nan,nan,nan
21,.
nan,nan,nan,nan,nan,nan
22,(
nan,nan,nan,nan,nan,nan
23,駅すぱあと：
1.0,0.0,0.4082482904638631,0.25,0.0,0.0
24,出発地点と到着地点とを結ぶ公共交通機関
0.9999999999999999,0.0,0.0,0.0,0.0,0.0
25,の最適経路を提供する
1.0,0.0,0.0,0.0,0.22727272727272727,0.0
26,システム
1.0,0.15811388300841897,0.0,0.0,0.09090909090909091,0.0
27,)
nan,nan,nan,nan,nan,nan
28,駅すぱあと
1.0,0.0,0.4082482904638631,0.25,0.0,0.0
29,と
1.0,0.0,0.0,0.0,0.0,0.0
30,Google
1.0,0.0,0.0,0.25,0.0,0.0
31,maps
1.0,0.0,0.0,0.0,0.0,0.0
32,の統合．
1.0,0.15811388300841897,0.0,0.25,0.2727272727272727,0.0
