0," umetani/.txt	-- ::. 
"
0.9999999999999999,0.0,0.0,0.0
1,駅・路線情報を取得して情報統合をすることで検索を行う．
1.0000000000000002,0.39770831201797263,0.17755520605710878,0.3602883460614461
2,路線検索機能
1.0000000000000002,0.0,0.0,0.0
3,歩行推薦機能
1.0000000000000002,0.11419253390798367,0.0,0.0
4,カロリー計算，距離
1.0000000000000002,0.05709626695399184,0.0739221270954573,0.0
5,計算機能
0.9999999999999999,0.0,0.0,0.0
6,ユーザプロファイル，
0.9999999999999999,0.03496418006375328,0.0,0.0
7,条件決め
0.9999999999999999,0.03496418006375328,0.0,0.0
8,Map
1.0,0.0,0.0,0.0
9,乗換駅
0.9999999999999999,0.10489254019125983,0.2716072381275556,0.0
10,:
nan,nan,nan,nan
11,着
1.0,0.0,0.0,0.0
12,:
nan,nan,nan,nan
13,着
1.0,0.0,0.0,0.0
14,C
1.0,0.14834045293024462,0.3841106397986879,0.0
15,鉄道移動
0.9999999999999999,0.0,0.0,0.0
16,歩
1.0,0.0,0.0,0.0
17,行移動
0.9999999999999999,0.0,0.0,0.0
18,.
nan,nan,nan,nan
19,ブラウザ上のテーブルをクリックすることで入力フォームに歩
1.0,0.1648227254780496,0.08535791995526398,0.09622504486493763
20,行開始地点を終了地点を自動で入力する．
1.0,0.13417898825481755,0.038604571824109146,0.08703882797784893
21,実験
1.0,0.0,0.0,0.0
22,-
nan,nan,nan,nan
23,.
nan,nan,nan,nan
24,実験用として駅情報をデータベースに格納して検索を行えるか
1.0,0.18130499802585454,0.12803687993289598,0.14433756729740646
25,の実験を行う．
0.9999999999999999,0.0,0.0,0.0
26,実験
1.0,0.0,0.0,0.0
27,-
nan,nan,nan,nan
