0," ""comment evaluation/pptx_students/aoki/.txt""	-- ::. 
"
1.0000000000000002,0.0,0.0,0.0,0.0
1,"学習者の読み書き頻度に基づいた
"
1.0,0.2155263624321299,0.15339299776947407,0.3321819194149599,0.0
2,"学習者の読み書き頻度の高い英文を問題として出題
"
0.9999999999999999,0.19878664198647267,0.3031695312954162,0.19695964928958382,0.05661385170722978
3,"し、高い学習意欲を保ったまま学習すること、
"
1.0,0.3148336618027138,0.15512630699850574,0.1679677532867563,0.04828045495852676
4,"また
"
1.0,0.0,0.0,0.0,0.0
5,"登録された単語データの頻出
"
1.0000000000000002,0.03279129178919765,0.0,0.0,0.1307440900921227
6,"単語から、英文を出題することが
"
1.0000000000000002,0.1967477507351859,0.280056016805602,0.0,0.3268602252303067
7,"できる
"
1.0,0.0,0.17149858514250882,0.0,0.0
8,"することができる
"
1.0000000000000002,0.23186944788008415,0.19802950859533489,0.0,0.0
9,".
"
nan,nan,nan,nan,nan
10,"d
"
1.0,0.0,0.0,0.0,0.0
11,"ocx
"
1.0,0.0,0.0,0.0,0.0
12,"など
"
nan,nan,nan,nan,nan
13,"office
"
1.0,0.0,0.0,0.0,0.0
14,"ファイルや
"
1.0,0.0,0.0,0.0,0.0
15,",
"
nan,nan,nan,nan,nan
16,"テキ
"
1.0,0.0,0.0,0.0,0.0
17,"スト入力などから問題を登録
"
1.0,0.035921060405354976,0.0,0.0,0.14322297480788657
18,"発音正答率の比較
"
1.0,0.04016096644512494,0.0,0.0,0.0
19,".
"
nan,nan,nan,nan,nan
20,"また
"
1.0,0.0,0.0,0.0,0.0
21,",
"
nan,nan,nan,nan,nan
22,"学習者にマッチした問題が出題されていたかどうかもアン
"
1.0000000000000002,0.25505639266809255,0.19802950859533489,0.21442250696755902,0.04622501635210243
23,"ケートで回答させる
"
1.0,0.0,0.0,0.0,0.0
24,".
"
nan,nan,nan,nan,nan
